Id,FieldSampleName,TopDepth,MiddleDepth,BottomDepth,SampleDate,Site,Matrix,Location,SampleType,Latitude,Longitude,ChemicalName,ResultId,DetectionLimit,CAS,AnalyticalMethod,Detected,Result,Qualifier,ConcentrationUnits,Filtration,LocationID
1,13A1(00-04)S,0,0,4,11/05/13 9:35:00,Capital Lakes,Soil,13-A1,Site Sample,30.455,-91.18113445,Magnesium,140,23.53,7439-95-4,6010B,1,856,,mg/Kg,,3425
2,13A1(04-08)S,4,6,8,11/05/13 9:50:00,Capital Lakes,Soil,13-A1,Site Sample,30.455,-91.18113445,Magnesium,140,24.1,7439-95-4,6010B,1,4330,,mg/Kg,,3425
3,13A2(00-04)S,0,0,4,11/05/13 11:40:00,Capital Lakes,Soil,13-A2,Site Sample,30.46895,-91.18353127,Magnesium,140,22.22,7439-95-4,6010B,1,539,,mg/Kg,,3426
4,13A2(04-08)S,4,6,8,11/05/13 12:00:00,Capital Lakes,Soil,13-A2,Site Sample,30.46895,-91.18353127,Magnesium,140,23.53,7439-95-4,6010B,1,6030,,mg/Kg,,3426
5,91A1(00-04)S,0,0,4,11/04/13 10:10:00,Capital Lakes,Soil,91-A1,Site Sample,30.45693,-91.1898274,Magnesium,140,22.73,7439-95-4,6010B,1,390,,mg/Kg,,3491
6,91A1(04-08)S,4,6,8,11/04/13 10:20:00,Capital Lakes,Soil,91-A1,Site Sample,30.45693,-91.1898274,Magnesium,140,24.1,7439-95-4,6010B,1,705,,mg/Kg,,3491
7,91A2(00-04)S,0,0,4,11/04/13 11:20:00,Capital Lakes,Soil,91-A2,Site Sample,30.45617,-91.18439253,Magnesium,140,23.26,7439-95-4,6010B,1,920,,mg/Kg,,3492
8,91A2(04-08)S,4,6,8,11/04/13 11:30:00,Capital Lakes,Soil,91-A2,Site Sample,30.45617,-91.18439253,Magnesium,140,23.53,7439-95-4,6010B,1,1410,,mg/Kg,,3492
9,92A1(00-04)S,0,0,4,11/03/13 16:10:00,Capital Lakes,Soil,92-A1,Site Sample,30.46073,-91.17848334,Magnesium,140,23.26,7439-95-4,6010B,1,295,,mg/Kg,,3496
10,92A1(04-08)S,4,6,8,11/03/13 16:15:00,Capital Lakes,Soil,92-A1,Site Sample,30.46073,-91.17848334,Magnesium,140,23.81,7439-95-4,6010B,1,725,,mg/Kg,,3496
11,92A2(00-04)S,0,0,4,11/04/13 8:25:00,Capital Lakes,Soil,92-A2,Site Sample,30.46856,-91.17725267,Magnesium,140,24.1,7439-95-4,6010B,1,712,,mg/Kg,,3497
12,92A2(04-08)S,4,6,8,11/04/13 8:35:00,Capital Lakes,Soil,92-A2,Site Sample,30.46856,-91.17725267,Magnesium,140,22.99,7439-95-4,6010B,1,798,,mg/Kg,,3497
13,93A1(00-04)S,0,0,4,11/03/13 11:05:00,Capital Lakes,Soil,93-A1,Site Sample,30.46267,-91.18415371,Magnesium,140,23.81,7439-95-4,6010B,1,1150,,mg/Kg,,3501
14,93A1(04-08)S,4,6,8,11/03/13 11:10:00,Capital Lakes,Soil,93-A1,Site Sample,30.46267,-91.18415371,Magnesium,140,23.53,7439-95-4,6010B,1,1570,,mg/Kg,,3501
15,93A2(00-04)S,0,0,4,11/03/13 14:15:00,Capital Lakes,Soil,93-A2,Site Sample,30.46772,-91.17824315,Magnesium,140,23.53,7439-95-4,6010B,1,818,,mg/Kg,,3502
16,93A2(04-08)S,4,6,8,11/03/13 14:20:00,Capital Lakes,Soil,93-A2,Site Sample,30.46772,-91.17824315,Magnesium,140,0.238,7439-95-4,6010B,1,1380,,mg/Kg,,3502
17,12A1(00-04)S,0,0,4,11/08/13 11:05:00,Capital Lakes,Soil,12-A1,Site Sample,30.4636,-91.18785181,Magnesium,140,25.22,7439-95-4,6010B,1,1750, ,mg/Kg,,3422
18,12A1(04-08)S,4,6,8,11/08/13 11:25:00,Capital Lakes,Soil,12-A1,Site Sample,30.4636,-91.18785181,Magnesium,140,24.1,7439-95-4,6010B,1,3070, ,mg/Kg,,3422
19,12X1S-12A1(0-4)s,0,0,4,11/08/13 0:00:00,Capital Lakes,Soil,12-A1,Field Duplicate,30.4636,-91.18785181,Magnesium,140,25.38,7439-95-4,6010B,1,2010, ,mg/Kg,,3422
20,14A1(00-04)S,0,0,4,11/08/13 16:20:00,Capital Lakes,Soil,14-A1,Site Sample,30.46408,-91.1825079,Magnesium,140,24.13,7439-95-4,6010B,1,1470, ,mg/Kg,,3428
21,14A1(04-08)S,4,6,8,11/08/13 16:30:00,Capital Lakes,Soil,14-A1,Site Sample,30.46408,-91.1825079,Magnesium,140,23.64,7439-95-4,6010B,1,1630, ,mg/Kg,,3428
22,15A1(00-04)S,0,0,4,11/09/13 13:25:00,Capital Lakes,Soil,15-A1,Site Sample,30.46524,-91.18943537,Magnesium,140,22.86,7439-95-4,6010B,1,1260, ,mg/Kg,,3431
23,15A1(04-08)S,4,6,8,11/09/13 13:45:00,Capital Lakes,Soil,15-A1,Site Sample,30.46524,-91.18943537,Magnesium,140,24.01,7439-95-4,6010B,1,975, ,mg/Kg,,3431
24,15A2(00-04)S,0,0,4,11/09/13 16:08:00,Capital Lakes,Soil,15-A2,Site Sample,30.45632,-91.1821214,Magnesium,140,24.18,7439-95-4,6010B,1,575, ,mg/Kg,,3432
25,15A2(04-08)S,4,6,8,11/09/13 16:16:00,Capital Lakes,Soil,15-A2,Site Sample,30.45632,-91.1821214,Magnesium,140,23.28,7439-95-4,6010B,1,675, ,mg/Kg,,3432
26,15X2S-15A2(4-8)s,4,6,8,11/09/13 16:16:00,Capital Lakes,Soil,15-A2,Field Duplicate,30.45632,-91.1821214,Magnesium,140,23.31,7439-95-4,6010B,1,667, ,mg/Kg,,3432
27,18A1(00-04)S,0,0,4,11/11/13 9:05:00,Capital Lakes,Soil,18-A1,Site Sample,30.46876,-91.18074439,Magnesium,140,23.81,7439-95-4,6010B,1,1060, ,mg/Kg,,3444
28,18A1(04-08)S,4,6,8,11/11/13 9:20:00,Capital Lakes,Soil,18-A1,Site Sample,30.46876,-91.18074439,Magnesium,140,23.67,7439-95-4,6010B,1,418, ,mg/Kg,,3444
29,19A1(00-04)S,0,0,4,11/11/13 13:35:00,Capital Lakes,Soil,19-A1,Site Sample,30.46,-91.18849922,Magnesium,140,23.53,7439-95-4,6010B,1,899, ,mg/Kg,,3448
30,19A1(04-08)S,4,6,8,11/11/13 13:45:00,Capital Lakes,Soil,19-A1,Site Sample,30.46,-91.18849922,Magnesium,140,23.28,7439-95-4,6010B,1,970, ,mg/Kg,,3448
31,22A1(00-04)S,0,0,4,11/11/13 10:55:00,Capital Lakes,Soil,22-A1,Site Sample,30.46584,-91.19002222,Magnesium,140,25.41,7439-95-4,6010B,1,3320, ,mg/Kg,,3460
32,22A1(04-08)S,4,6,8,11/11/13 11:05:00,Capital Lakes,Soil,22-A1,Site Sample,30.46584,-91.19002222,Magnesium,140,23.7,7439-95-4,6010B,1,479, ,mg/Kg,,3460
33,18A2(00-04)S,0,0,4,11/16/13 14:15:00,Capital Lakes,Soil,18-A2,Site Sample,30.45612,-91.18463087,Magnesium,140,22.96,7439-95-4,6010B,1,453, ,mg/Kg,,3445
34,18A2(04-08)S,4,6,8,11/16/13 14:25:00,Capital Lakes,Soil,18-A2,Site Sample,30.45612,-91.18463087,Magnesium,140,23.42,7439-95-4,6010B,1,663, ,mg/Kg,,3445
35,18X2S-18A2(4-8)s,4,6,8,11/16/13 0:00:00,Capital Lakes,Soil,18-A2,Field Duplicate,30.45612,-91.18463087,Magnesium,140,23.26,7439-95-4,6010B,1,682, ,mg/Kg,,3445
36,19A2(00-04)S,0,0,4,11/16/13 11:35:00,Capital Lakes,Soil,19-A2,Site Sample,30.46642,-91.1804148,Magnesium,140,23.92,7439-95-4,6010B,1,653, ,mg/Kg,,3449
37,19A2(04-08)S,4,6,8,11/16/13 12:00:00,Capital Lakes,Soil,19-A2,Site Sample,30.46642,-91.1804148,Magnesium,140,23.92,7439-95-4,6010B,1,733, ,mg/Kg,,3449
38,21A1(00-04)S,0,0,4,11/17/13 15:45:00,Capital Lakes,Soil,21-A1,Site Sample,30.45712,-91.18660245,Magnesium,140,23.39,7439-95-4,6010B,1,2690, ,mg/Kg,,3456
39,21A1(04-08)S,4,6,8,11/17/13 15:55:00,Capital Lakes,Soil,21-A1,Site Sample,30.45712,-91.18660245,Magnesium,140,24.54,7439-95-4,6010B,1,983, ,mg/Kg,,3456
40,21A2(00-04)S,0,0,4,11/17/13 11:55:00,Capital Lakes,Soil,21-A2,Site Sample,30.46281,-91.18037968,Magnesium,140,23.7,7439-95-4,6010B,1,3460, ,mg/Kg,,3457
41,21A2(04-08)S,4,6,8,11/17/13 12:05:00,Capital Lakes,Soil,21-A2,Site Sample,30.46281,-91.18037968,Magnesium,140,24.33,7439-95-4,6010B,1,917, ,mg/Kg,,3457
42,21A3(00-04)S,0,0,4,11/17/13 11:10:00,Capital Lakes,Soil,21-A3,Site Sample,30.46719,-91.18631527,Magnesium,140,24.66,7439-95-4,6010B,1,2850, ,mg/Kg,,3458
43,21A3(04-08)S,4,6,8,11/17/13 11:20:00,Capital Lakes,Soil,21-A3,Site Sample,30.46719,-91.18631527,Magnesium,140,23.61,7439-95-4,6010B,1,506, ,mg/Kg,,3458
44,22A2(00-04)S,0,0,4,11/16/13 15:45:00,Capital Lakes,Soil,22-A2,Site Sample,30.46852,-91.18058626,Magnesium,140,23.75,7439-95-4,6010B,1,1440, ,mg/Kg,,3461
45,22A2(04-08)S,4,6,8,11/16/13 15:55:00,Capital Lakes,Soil,22-A2,Site Sample,30.46852,-91.18058626,Magnesium,140,24.13,7439-95-4,6010B,1,1380, ,mg/Kg,,3461
46,24A2(00-04)S,0,0,4,11/17/13 17:15:00,Capital Lakes,Soil,24-A2,Site Sample,30.46135,-91.18374738,Magnesium,140,24.48,7439-95-4,6010B,1,1270, ,mg/Kg,,3469
47,24A2(04-08)S,4,6,8,11/17/13 17:25:00,Capital Lakes,Soil,24-A2,Site Sample,30.46135,-91.18374738,Magnesium,140,23.58,7439-95-4,6010B,1,728, ,mg/Kg,,3469
48,16A1(00-04)S,0,0,4,11/21/13 17:15:00,Capital Lakes,Soil,16-A1,Site Sample,30.46655,-91.18723192,Magnesium,140,24.07,7439-95-4,6010B,1,5960, ,mg/Kg,,3436
49,17A2(00-04)S,0,0,4,11/21/13 15:50:00,Capital Lakes,Soil,17-A2,Site Sample,30.4608,-91.18083885,Magnesium,140,24.1,7439-95-4,6010B,1,236, ,mg/Kg,,3441
50,17A2(04-08)S,4,6,8,11/21/13 16:00:00,Capital Lakes,Soil,17-A2,Site Sample,30.4608,-91.18083885,Magnesium,140,24.18,7439-95-4,6010B,1,1730, ,mg/Kg,,3441
51,23A1(00-04)S,0,0,4,11/18/13 14:05:00,Capital Lakes,Soil,23-A1,Site Sample,30.46454,-91.18239294,Magnesium,140,22.78,7439-95-4,6010B,1,502, ,mg/Kg,,3464
52,23A1(04-08)S,4,6,8,11/18/13 14:15:00,Capital Lakes,Soil,23-A1,Site Sample,30.46454,-91.18239294,Magnesium,140,23.7,7439-95-4,6010B,1,358, ,mg/Kg,,3464
53,23A2(00-04)S,0,0,4,11/18/13 15:30:00,Capital Lakes,Soil,23-A2,Site Sample,30.46,-91.17736078,Magnesium,140,24.24,7439-95-4,6010B,1,2440, ,mg/Kg,,3465
54,23A2(04-08)S,4,6,8,11/18/13 15:40:00,Capital Lakes,Soil,23-A2,Site Sample,30.46,-91.17736078,Magnesium,140,23.5,7439-95-4,6010B,1,1000, ,mg/Kg,,3465
55,23X1S-23A1(0-4)s,0,0,4,11/18/13 0:00:00,Capital Lakes,Soil,23-A1,Field Duplicate,30.46454,-91.18239294,Magnesium,140,23.15,7439-95-4,6010B,1,786, ,mg/Kg,,3464
56,24A1(00-04)S,0,0,4,11/18/13 11:00:00,Capital Lakes,Soil,24-A1,Site Sample,30.4571,-91.18335119,Magnesium,140,23.78,7439-95-4,6010B,1,378, ,mg/Kg,,3468
57,24A1(04-08)S,4,6,8,11/18/13 11:10:00,Capital Lakes,Soil,24-A1,Site Sample,30.4571,-91.18335119,Magnesium,140,23.72,7439-95-4,6010B,1,419, ,mg/Kg,,3468
58,26A1(00-04)S,0,0,4,11/21/13 9:55:00,Capital Lakes,Soil,26-A1,Site Sample,30.46737,-91.18162511,Magnesium,140,23.75,7439-95-4,6010B,1,313, ,mg/Kg,,3475
59,26A1(04-08)S,4,6,8,11/21/13 10:05:00,Capital Lakes,Soil,26-A1,Site Sample,30.46737,-91.18162511,Magnesium,140,23.56,7439-95-4,6010B,1,381, ,mg/Kg,,3475
60,26A2(00-04)S,0,0,4,11/21/13 11:20:00,Capital Lakes,Soil,26-A2,Site Sample,30.46887,-91.17965719,Magnesium,140,24.07,7439-95-4,6010B,1,269, ,mg/Kg,,3476
61,26A2(04-08)S,4,6,8,11/21/13 11:30:00,Capital Lakes,Soil,26-A2,Site Sample,30.46887,-91.17965719,Magnesium,140,23.92,7439-95-4,6010B,1,403, ,mg/Kg,,3476
62,16A1(04-08)S,4,6,8,11/21/13 17:25:00,Capital Lakes,Soil,16-A1,Site Sample,30.46655,-91.18723192,Magnesium,140,23.84,7439-95-4,6010B,1,2430, ,mg/Kg,,3436
63,20A1(00-04)S,0,0,4,11/22/13 16:00:00,Capital Lakes,Soil,20-A1,Site Sample,30.46006,-91.18064042,Magnesium,140,23.53,7439-95-4,6010B,1,745, ,mg/Kg,,3452
64,20A1(04-08)S,4,6,8,11/22/13 16:10:00,Capital Lakes,Soil,20-A1,Site Sample,30.46006,-91.18064042,Magnesium,140,23.67,7439-95-4,6010B,1,1410, ,mg/Kg,,3452
65,20A2(00-04)S,0,0,4,11/22/13 15:00:00,Capital Lakes,Soil,20-A2,Site Sample,30.46847,-91.18062578,Magnesium,140,23.23,7439-95-4,6010B,1,1270, ,mg/Kg,,3453
66,20A2(04-08)S,4,6,8,11/22/13 15:10:00,Capital Lakes,Soil,20-A2,Site Sample,30.46847,-91.18062578,Magnesium,140,24.57,7439-95-4,6010B,1,3540, ,mg/Kg,,3453
67,25A1(00-04)S,0,0,4,11/22/13 10:05:00,Capital Lakes,Soil,25-A1,Site Sample,30.4553,-91.180178,Magnesium,140,23.87,7439-95-4,6010B,1,550, ,mg/Kg,,3472
68,25A1(04-08)S,4,6,8,11/22/13 10:15:00,Capital Lakes,Soil,25-A1,Site Sample,30.4553,-91.180178,Magnesium,140,24.48,7439-95-4,6010B,1,676, ,mg/Kg,,3472
69,25A2(00-04)S,0,0,4,11/22/13 8:55:00,Capital Lakes,Soil,25-A2,Site Sample,30.45533,-91.18177206,Magnesium,140,22.57,7439-95-4,6010B,1,152, ,mg/Kg,,3473
70,25A2(04-08)S,4,6,8,11/22/13 9:02:00,Capital Lakes,Soil,25-A2,Site Sample,30.45533,-91.18177206,Magnesium,140,22.83,7439-95-4,6010B,1,134, ,mg/Kg,,3473
71,91B1(00-04)S,0,0,4,11/23/13 17:10:00,Capital Lakes,Soil,91-B1,Site Sample,30.45501,-91.18457245,Magnesium,140,24.21,7439-95-4,6010B,1,613, ,mg/Kg,,3493
72,91B1(04-08)S,4,6,8,11/23/13 17:20:00,Capital Lakes,Soil,91-B1,Site Sample,30.45501,-91.18457245,Magnesium,140,24.81,7439-95-4,6010B,1,938, ,mg/Kg,,3493
73,91B3(00-04)S,0,0,4,11/23/13 11:20:00,Capital Lakes,Soil,91-B3,Site Sample,30.45439,-91.18089827,Magnesium,140,24.07,7439-95-4,6010B,1,160, ,mg/Kg,,3495
74,91B3(04-08)S,4,6,8,11/23/13 11:30:00,Capital Lakes,Soil,91-B3,Site Sample,30.45439,-91.18089827,Magnesium,140,24.66,7439-95-4,6010B,1,885, ,mg/Kg,,3495
75,91BX1-91B3(4-8)s,4,6,8,11/23/13 0:00:00,Capital Lakes,Soil,91-B3,Field Duplicate,30.45439,-91.18089827,Magnesium,140,24.18,7439-95-4,6010B,1,878, ,mg/Kg,,3495
76,31B1(00-04)S,0,0,4,12/01/13 15:00:00,Capital Lakes,Soil,31-B1,Site Sample,30.45802,-91.18616038,Magnesium,140,23.84,7439-95-4,6010B,1,548, ,mg/Kg,,3488
77,31B2(00-04)S,0,0,4,12/01/13 16:30:00,Capital Lakes,Soil,31-B2,Site Sample,30.46693,-91.18162776,Magnesium,140,24.1,7439-95-4,6010B,1,221, ,mg/Kg,,3489
78,31B2(04-08)S,4,6,8,12/01/13 16:42:00,Capital Lakes,Soil,31-B2,Site Sample,30.46693,-91.18162776,Magnesium,140,23.78,7439-95-4,6010B,1,1690, ,mg/Kg,,3489
79,31BX2S-31B2(4-8)s,4,6,8,12/01/13 0:00:00,Capital Lakes,Soil,31-B2,Field Duplicate,30.46693,-91.18162776,Magnesium,140,23.53,7439-95-4,6010B,1,1650, ,mg/Kg,,3489
80,5B1(00-04)S,0,0,4,12/02/13 11:05:00,Capital Lakes,Soil,5-B1,Site Sample,30.46482,-91.17987107,Magnesium,140,22.08,7439-95-4,6010B,1,687, ,mg/Kg,,3490
81,5B1(04-08)S,4,6,8,12/02/13 11:15:00,Capital Lakes,Soil,5-B1,Site Sample,30.46482,-91.17987107,Magnesium,140,24.91,7439-95-4,6010B,1,2660, ,mg/Kg,,3490
82,18B2(00-04)S,0,0,4,12/04/13 15:30:00,Capital Lakes,Soil,18-B2,Site Sample,30.46012,-91.1774683,Magnesium,140,23.7,7439-95-4,6010B,1,610, ,mg/Kg,,3447
83,18B2(04-08)S,4,6,8,12/04/13 15:40:00,Capital Lakes,Soil,18-B2,Site Sample,30.46012,-91.1774683,Magnesium,140,23.87,7439-95-4,6010B,1,624, ,mg/Kg,,3447
84,A1505269804,3,0,4,05/26/13 10:40:00,Capital Lakes,Soil,C01,Site Sample,30.459,-91.1868,Magnesium,130,10,7439-95-4,Unknown,1,934.92,,mg/Kg,,3512
85,A1505269805,7,0,8,05/26/13 10:40:00,Capital Lakes,Soil,C01,Site Sample,30.459,-91.1868,Magnesium,130,10,7439-95-4,Unknown,1,1152.04,,mg/Kg,,3512
86,A1505269806,9,0,9,05/26/13 10:40:00,Capital Lakes,Soil,C01,Site Sample,30.459,-91.1868,Magnesium,130,10,7439-95-4,Unknown,1,1837.68,,mg/Kg,,3512
87,A1505269807,3,0,4,05/26/13 11:20:00,Capital Lakes,Soil,C02,Site Sample,30.459,-91.1852,Magnesium,130,10,7439-95-4,Unknown,1,886.72,,mg/Kg,,3513
88,A1505269808,8,0,9,05/26/13 11:25:00,Capital Lakes,Soil,C02,Site Sample,30.459,-91.1852,Magnesium,130,10,7439-95-4,Unknown,1,993.75,,mg/Kg,,3513
89,A1505269809,9,0,5,05/26/13 11:25:00,Capital Lakes,Soil,C02,Site Sample,30.459,-91.1852,Magnesium,130,10,7439-95-4,Unknown,1,1179.09,,mg/Kg,,3513
90,A1505269810,2,0,3,05/26/13 13:22:00,Capital Lakes,Soil,C03,Site Sample,30.4592,-91.1841,Magnesium,130,10,7439-95-4,Unknown,1,816,,mg/Kg,,3514
91,A1505269811,6,0,7,05/26/13 13:25:00,Capital Lakes,Soil,C03,Site Sample,30.4592,-91.1841,Magnesium,130,10,7439-95-4,Unknown,1,921.31,,mg/Kg,,3514
92,A1505269812,9,0,8,05/26/13 13:30:00,Capital Lakes,Soil,C03,Site Sample,30.4592,-91.1841,Magnesium,130,10,7439-95-4,Unknown,1,972.16,,mg/Kg,,3514
93,A1505269813,4,0,5,05/26/13 15:00:00,Capital Lakes,Soil,C04,Site Sample,30.4592,-91.1831,Magnesium,130,10,7439-95-4,Unknown,1,847.28,,mg/Kg,,3515
94,A1505269814,7,0,8,05/26/13 15:03:00,Capital Lakes,Soil,C04,Site Sample,30.4592,-91.1831,Magnesium,130,10,7439-95-4,Unknown,1,805.07,,mg/Kg,,3515
95,A1505269815,9,0,9,05/26/13 17:07:00,Capital Lakes,Soil,C04,Site Sample,30.4592,-91.1831,Magnesium,130,10,7439-95-4,Unknown,1,1203.6,,mg/Kg,,3515
96,A1505269816,3,0,4,05/26/13 15:30:00,Capital Lakes,Soil,C05,Site Sample,30.461,-91.185,Magnesium,130,10,7439-95-4,Unknown,1,801,,mg/Kg,,3516
97,A1505269817,7,0,8,05/26/13 15:34:00,Capital Lakes,Soil,C05,Site Sample,30.461,-91.185,Magnesium,130,10,7439-95-4,Unknown,1,875.52,,mg/Kg,,3516
98,A1505269818,2,0,3,05/26/13 16:06:00,Capital Lakes,Soil,C06,Site Sample,30.4627,-91.1846,Magnesium,130,10,7439-95-4,Unknown,1,1224.93,,mg/Kg,,3517
99,A1505269819,4,0,5,05/26/13 16:11:00,Capital Lakes,Soil,C06,Site Sample,30.4627,-91.1846,Magnesium,130,10,7439-95-4,Unknown,1,986.99,,mg/Kg,,3517
100,A1505269820,9,0,9,05/26/13 16:16:00,Capital Lakes,Soil,C06,Site Sample,30.4627,-91.1846,Magnesium,130,10,7439-95-4,Unknown,1,1065.94,,mg/Kg,,3517
101,A1505279829,2,0,3,05/27/13 9:31:00,Capital Lakes,Soil,C09,Site Sample,30.4662,-91.1852,Magnesium,130,20,7439-95-4,Unknown,1,1044.81,,mg/Kg,,3520
102,A1505279830,5,0,6,05/27/13 9:33:00,Capital Lakes,Soil,C09,Site Sample,30.4662,-91.1852,Magnesium,130,20,7439-95-4,Unknown,1,1285.47,,mg/Kg,,3520
103,A1505279831,9,0,9,05/27/13 9:39:00,Capital Lakes,Soil,C09,Site Sample,30.4662,-91.1852,Magnesium,130,20,7439-95-4,Unknown,1,1260.9,,mg/Kg,,3520
104,A1505279832,12,0,13,05/27/13 9:50:00,Capital Lakes,Soil,C09,Site Sample,30.4662,-91.1852,Magnesium,130,20,7439-95-4,Unknown,1,1118.38,,mg/Kg,,3520
105,A1505279833,2,0,3,05/27/13 10:16:00,Capital Lakes,Soil,C10,Site Sample,30.4665,-91.1855,Magnesium,130,20,7439-95-4,Unknown,1,1451.84,,mg/Kg,,3521
106,A1505279834,8,0,9,05/27/13 10:32:00,Capital Lakes,Soil,C10,Site Sample,30.4665,-91.1855,Magnesium,130,20,7439-95-4,Unknown,1,1229.05,,mg/Kg,,3521
107,A1505279835,9,0,8,05/27/13 10:35:00,Capital Lakes,Soil,C10,Site Sample,30.4665,-91.1855,Magnesium,130,20,7439-95-4,Unknown,1,1408.95,,mg/Kg,,3521
108,A1505279836,13,0,14,05/27/13 10:50:00,Capital Lakes,Soil,C10,Site Sample,30.4665,-91.1855,Magnesium,130,20,7439-95-4,Unknown,1,1113.6,,mg/Kg,,3521
109,A1505279837,16,0,17,05/27/13 10:40:00,Capital Lakes,Soil,C10,Site Sample,30.4665,-91.1855,Magnesium,130,20,7439-95-4,Unknown,1,1144.1,,mg/Kg,,3521
110,A1505279838,2,0,3,05/27/13 10:56:00,Capital Lakes,Soil,C11,Site Sample,30.4667,-91.1848,Magnesium,130,20,7439-95-4,Unknown,1,1689.17,,mg/Kg,,3522
111,A1505279839,7,0,8,05/27/13 11:05:00,Capital Lakes,Soil,C11,Site Sample,30.4667,-91.1848,Magnesium,130,20,7439-95-4,Unknown,1,1466.64,,mg/Kg,,3522
112,A1505279840,9,0,9,05/27/13 11:08:00,Capital Lakes,Soil,C11,Site Sample,30.4667,-91.1848,Magnesium,130,20,7439-95-4,Unknown,1,1367.4,,mg/Kg,,3522
113,A1505269821,12,0,13,05/26/13 16:22:00,Capital Lakes,Soil,C06,Site Sample,30.4627,-91.1846,Magnesium,130,20,7439-95-4,Unknown,1,1138.36,,mg/Kg,,3517
114,A1505269822,2,0,3,05/26/13 16:38:00,Capital Lakes,Soil,C07,Site Sample,30.4649,-91.1854,Magnesium,130,20,7439-95-4,Unknown,1,993.58,,mg/Kg,,3518
115,A1505269823,7,0,8,05/26/13 16:45:00,Capital Lakes,Soil,C07,Site Sample,30.4649,-91.1854,Magnesium,130,20,7439-95-4,Unknown,1,1134.44,,mg/Kg,,3518
116,A1505269824,2,0,3,05/26/13 17:18:00,Capital Lakes,Soil,C08,Site Sample,30.4654,-91.1854,Magnesium,130,20,7439-95-4,Unknown,1,1609.74,,mg/Kg,,3519
117,A1505269825,5,0,6,05/26/13 17:22:00,Capital Lakes,Soil,C08,Site Sample,30.4654,-91.1854,Magnesium,130,20,7439-95-4,Unknown,1,1094.15,,mg/Kg,,3519
118,A1505269826,9,0,9,05/26/13 17:30:00,Capital Lakes,Soil,C08,Site Sample,30.4654,-91.1854,Magnesium,130,20,7439-95-4,Unknown,1,1186.29,,mg/Kg,,3519
119,A1505279841,13,0,14,05/27/13 11:10:00,Capital Lakes,Soil,C11,Site Sample,30.4667,-91.1848,Magnesium,130,20,7439-95-4,Unknown,1,1870,,mg/Kg,,3522
120,A1505279842,17,0,18,05/27/13 11:17:00,Capital Lakes,Soil,C12,Site Sample,30.4578,-91.182,Magnesium,130,20,7439-95-4,Unknown,1,1860,,mg/Kg,,3523
121,A1505279843,21,0,22,05/27/13 11:25:00,Capital Lakes,Soil,C12,Site Sample,30.4578,-91.182,Magnesium,130,20,7439-95-4,Unknown,1,1580,,mg/Kg,,3523
122,A1505279844,25,0,26,05/27/13 11:33:00,Capital Lakes,Soil,C12,Site Sample,30.4578,-91.182,Magnesium,130,20,7439-95-4,Unknown,1,1730,,mg/Kg,,3523
123,A1505279845,29,0,30,05/27/13 11:40:00,Capital Lakes,Soil,C12,Site Sample,30.4578,-91.182,Magnesium,130,20,7439-95-4,Unknown,1,2030,,mg/Kg,,3523
124,A1505279846,2,0,3,05/27/13 13:30:00,Capital Lakes,Soil,C13,Site Sample,30.4577,-91.1816,Magnesium,130,20,7439-95-4,Unknown,1,1400,,mg/Kg,,3524
125,A1505279847,7,0,8,05/27/13 13:40:00,Capital Lakes,Soil,C13,Site Sample,30.4577,-91.1816,Magnesium,130,20,7439-95-4,Unknown,1,1470,,mg/Kg,,3524
126,A1505279848,9,0,9,05/28/13 13:43:00,Capital Lakes,Soil,C13,Site Sample,30.4577,-91.1816,Magnesium,130,20,7439-95-4,Unknown,1,1430,,mg/Kg,,3524
127,A1505279849,15,0,16,05/27/13 13:46:00,Capital Lakes,Soil,C13,Site Sample,30.4577,-91.1816,Magnesium,130,20,7439-95-4,Unknown,1,1300,,mg/Kg,,3524
128,A1505279850,19,0,20,05/27/13 13:45:00,Capital Lakes,Soil,C13,Site Sample,30.4577,-91.1816,Magnesium,130,20,7439-95-4,Unknown,1,2570,,mg/Kg,,3524
129,A1505279852,3,0,4,05/27/13 14:35:00,Capital Lakes,Soil,C14,Site Sample,30.4575,-91.1826,Magnesium,130,20,7439-95-4,Unknown,1,2150,,mg/Kg,,3525
130,A1505279853,6,0,7,05/27/13 14:40:00,Capital Lakes,Soil,C14,Site Sample,30.4575,-91.1826,Magnesium,130,20,7439-95-4,Unknown,1,1740,,mg/Kg,,3525
131,A1505279854,9,0,9,05/27/13 14:45:00,Capital Lakes,Soil,C14,Site Sample,30.4575,-91.1826,Magnesium,130,20,7439-95-4,Unknown,1,1700,,mg/Kg,,3525
132,A1505279855,3,0,4,05/27/13 15:10:00,Capital Lakes,Soil,C15,Site Sample,30.4575,-91.1813,Magnesium,130,20,7439-95-4,Unknown,1,1990,,mg/Kg,,3526
133,A1505279856,6,0,7,05/27/13 15:15:00,Capital Lakes,Soil,C15,Site Sample,30.4575,-91.1813,Magnesium,130,20,7439-95-4,Unknown,1,1890,,mg/Kg,,3526
134,A1505279857,9,0,9,05/27/13 15:18:00,Capital Lakes,Soil,C15,Site Sample,30.4575,-91.1813,Magnesium,130,20,7439-95-4,Unknown,1,1900,,mg/Kg,,3526
135,A1505279858,15,0,16,05/27/13 15:20:00,Capital Lakes,Soil,C15,Site Sample,30.4575,-91.1813,Magnesium,130,20,7439-95-4,Unknown,1,1880,,mg/Kg,,3526
136,A1505279859,20,0,21,05/27/13 15:32:00,Capital Lakes,Soil,C15,Site Sample,30.4575,-91.1813,Magnesium,130,20,7439-95-4,Unknown,1,1890,,mg/Kg,,3526
137,A1505279860,9,0,9,05/27/13 15:42:00,Capital Lakes,Soil,C16,Site Sample,30.457,-91.182,Magnesium,130,20,7439-95-4,Unknown,1,2150,,mg/Kg,,3527
138,A1505289866,8,0,9,05/28/13 8:55:00,Capital Lakes,Soil,C17,Site Sample,30.4598,-91.1799,Magnesium,130,20,7439-95-4,Unknown,1,1203.6,,mg/Kg,,3528
139,A1505289867,9,0,5,05/28/13 9:06:00,Capital Lakes,Soil,C17,Site Sample,30.4598,-91.1799,Magnesium,130,20,7439-95-4,Unknown,1,1101.66,,mg/Kg,,3528
140,A1505289868,3,0,4,05/28/13 9:23:00,Capital Lakes,Soil,C17,Site Sample,30.4598,-91.1799,Magnesium,130,20,7439-95-4,Unknown,1,1332.82,,mg/Kg,,3528
141,A1505289869,2,0,3,05/23/13 9:23:00,Capital Lakes,Soil,C17,Site Sample,30.4598,-91.1799,Magnesium,130,20,7439-95-4,Unknown,1,1371.5,,mg/Kg,,3528
142,A1505289870,16,0,2,05/28/13 9:19:00,Capital Lakes,Soil,C17,Site Sample,30.4598,-91.1799,Magnesium,130,20,7439-95-4,Unknown,1,1308.34,,mg/Kg,,3528
143,A1505289872,7,0,8,05/28/13 9:35:00,Capital Lakes,Soil,C18,Site Sample,30.4603,-91.1797,Magnesium,130,20,7439-95-4,Unknown,1,1504.7,,mg/Kg,,3529
144,A1505289873,9,0,9,05/28/13 9:38:00,Capital Lakes,Soil,C18,Site Sample,30.4603,-91.1797,Magnesium,130,20,7439-95-4,Unknown,1,956.8,,mg/Kg,,3529
145,A1505289874,12,0,2,05/28/13 9:45:00,Capital Lakes,Soil,C18,Site Sample,30.4603,-91.1797,Magnesium,130,20,7439-95-4,Unknown,1,1467.03,,mg/Kg,,3529
146,A1505289875,14,0,15,05/28/13 9:50:00,Capital Lakes,Soil,C18,Site Sample,30.4603,-91.1797,Magnesium,130,20,7439-95-4,Unknown,1,1253.7,,mg/Kg,,3529
147,A1505289876,8,0,9,05/28/13 10:05:00,Capital Lakes,Soil,C19,Site Sample,30.4608,-91.1799,Magnesium,130,20,7439-95-4,Unknown,1,1771.77,,mg/Kg,,3530
148,A1505289877,5,0,6,05/28/13 10:08:00,Capital Lakes,Soil,C19,Site Sample,30.4608,-91.1799,Magnesium,130,20,7439-95-4,Unknown,1,1500.6,,mg/Kg,,3530
149,A1505289878,6,0,7,05/28/13 10:06:00,Capital Lakes,Soil,C19,Site Sample,30.4608,-91.1799,Magnesium,130,20,7439-95-4,Unknown,1,1239.7,,mg/Kg,,3530
150,A1505289879,4,0,5,05/28/13 10:09:00,Capital Lakes,Soil,C19,Site Sample,30.4608,-91.1799,Magnesium,130,20,7439-95-4,Unknown,1,1248.36,,mg/Kg,,3530
151,A1505289880,21,0,22,05/28/13 10:12:00,Capital Lakes,Soil,C19,Site Sample,30.4608,-91.1799,Magnesium,130,20,7439-95-4,Unknown,1,1468.77,,mg/Kg,,3530
152,A1505279861,2,0,3,05/27/13 15:44:00,Capital Lakes,Soil,C16,Site Sample,30.457,-91.182,Magnesium,130,20,7439-95-4,Unknown,1,545.44,,mg/Kg,,3527
153,A1505279862,14,0,15,05/27/13 15:50:00,Capital Lakes,Soil,C16,Site Sample,30.457,-91.182,Magnesium,130,20,7439-95-4,Unknown,1,953.04,,mg/Kg,,3527
154,A1505279863,16,0,17,05/27/13 15:55:00,Capital Lakes,Soil,C16,Site Sample,30.457,-91.182,Magnesium,130,20,7439-95-4,Unknown,1,991.44,,mg/Kg,,3527
155,A1505279864,18,0,19,05/27/13 15:58:00,Capital Lakes,Soil,C16,Site Sample,30.457,-91.182,Magnesium,130,20,7439-95-4,Unknown,1,1165.64,,mg/Kg,,3527
156,A1505289881,4,0,5,05/28/13 13:40:00,Capital Lakes,Soil,C20,Site Sample,30.4611,-91.1793,Magnesium,130,20,7439-95-4,Unknown,1,1630,,mg/Kg,,3531
157,A1505289882,8,0,9,05/28/13 13:43:00,Capital Lakes,Soil,C20,Site Sample,30.4611,-91.1793,Magnesium,130,20,7439-95-4,Unknown,1,2090,,mg/Kg,,3531
158,A1505289883,2,0,3,05/28/13 13:45:00,Capital Lakes,Soil,C20,Site Sample,30.4611,-91.1793,Magnesium,130,20,7439-95-4,Unknown,1,2320,,mg/Kg,,3531
159,A1505289884,17,0,18,05/28/13 13:46:00,Capital Lakes,Soil,C20,Site Sample,30.4611,-91.1793,Magnesium,130,20,7439-95-4,Unknown,1,2160,,mg/Kg,,3531
160,A1505289885,21,0,22,05/28/13 13:51:00,Capital Lakes,Soil,C20,Site Sample,30.4611,-91.1793,Magnesium,130,20,7439-95-4,Unknown,1,2730,,mg/Kg,,3531
161,A1505289887,26,0,27,05/28/13 13:57:00,Capital Lakes,Soil,C20,Site Sample,30.4611,-91.1793,Magnesium,130,20,7439-95-4,Unknown,1,2190,,mg/Kg,,3531
